M,num_residues,mean_drift,min_drift,max_drift,negative
4,8,-0.39633421538129043,-2.5649493574615367,0.8873031950009029,True
5,16,-0.41059606693224737,-3.044522437723423,0.8873031950009029,True
6,32,-0.46076174797479497,-3.970291913552122,0.8873031950009029,True
7,64,-0.5305194888213078,-4.727387818712341,0.8873031950009029,True
8,128,-0.5551115799687945,-5.424950017481403,0.8873031950009029,True
9,256,-0.5626348627981339,-6.115892125483034,0.8873031950009029,True
10,512,-0.5666836487015187,-6.812345094177479,0.8873031950009029,True
