{
  "input_file": "c9_2_M8_N10000.csv",
  "n_samples": 5000,
  "mean_hat_p": 1.0,
  "l2_variance_empirical": 18615604.047173437,
  "sparse_fraction_hatp": 0.9998779296875,
  "per_v2_bucket": {
    "1": {
      "count": 2500,
      "mean_xi": 7886.0,
      "mean_p_hat": 1.0,
      "rms_xi": 8996.610083803787,
      "rms_ratio": 1.3229484406397303
    },
    "2": {
      "count": 1250,
      "mean_xi": 3940.0,
      "mean_p_hat": 1.0,
      "rms_xi": 4495.675366393797,
      "rms_ratio": 0.6610875274343874
    },
    "3": {
      "count": 625,
      "mean_xi": 1973.0,
      "mean_p_hat": 1.0,
      "rms_xi": 2250.466840457775,
      "rms_ratio": 0.33093038039459477
    },
    "4": {
      "count": 313,
      "mean_xi": 985.0,
      "mean_p_hat": 1.0,
      "rms_xi": 1124.334914516133,
      "rms_ratio": 0.1653330652390607
    },
    "5": {
      "count": 156,
      "mean_xi": 494.0,
      "mean_p_hat": 1.0,
      "rms_xi": 563.0639395308493,
      "rms_ratio": 0.08279836003161017
    },
    "6": {
      "count": 78,
      "mean_xi": 244.0,
      "mean_p_hat": 1.0,
      "rms_xi": 278.89962352072115,
      "rms_ratio": 0.04101209439942123
    },
    "7": {
      "count": 39,
      "mean_xi": 125.0,
      "mean_p_hat": 1.0,
      "rms_xi": 142.0739244196485,
      "rms_ratio": 0.02089192207017073
    },
    "8": {
      "count": 19,
      "mean_xi": 61.0,
      "mean_p_hat": 1.0,
      "rms_xi": 69.28924880528002,
      "rms_ratio": 0.01018896037576043
    },
    "9": {
      "count": 10,
      "mean_xi": 32.0,
      "mean_p_hat": 1.0,
      "rms_xi": 36.345563690772494,
      "rms_ratio": 0.005344602729359339
    },
    "10": {
      "count": 5,
      "mean_xi": 13.0,
      "mean_p_hat": 1.0,
      "rms_xi": 15.524174696260024,
      "rms_ratio": 0.0022828245878532705
    },
    "11": {
      "count": 2,
      "mean_xi": 8.0,
      "mean_p_hat": 1.0,
      "rms_xi": 8.54400374531753,
      "rms_ratio": 0.0012563928331224055
    },
    "12": {
      "count": 2,
      "mean_xi": 4.0,
      "mean_p_hat": 1.0,
      "rms_xi": 5.0,
      "rms_ratio": 0.0007352482925882149
    },
    "14": {
      "count": 1,
      "mean_xi": 1.0,
      "mean_p_hat": 1.0,
      "rms_xi": 1.0,
      "rms_ratio": 0.00014704965851764298
    }
  },
  "avg_rms_ratio": 0.2034582206681674,
  "fft_n": 8192,
  "mean_xi": 5256.794
}