{
  "M": 8,
  "N": 10000,
  "modulus": 256,
  "num_odd_residues": 128,
  "n_per_class": 78,
  "total_samples": 9984,
  "dyadic_exp": 20,
  "seed": 42,
  "global_mean_log_drift": -0.2871264461220701,
  "mean_hat_p": -0.2871264461220701,
  "l2_variance_empirical": 0.9480484281246802,
  "per_residue": {
    "1": {
      "mean_log_drift": -0.28768184638153993,
      "count": 78
    },
    "3": {
      "mean_log_drift": 0.40546532930795703,
      "count": 78
    },
    "5": {
      "mean_log_drift": -1.6739762085910723,
      "count": 78
    },
    "7": {
      "mean_log_drift": 0.4054653368947081,
      "count": 78
    },
    "9": {
      "mean_log_drift": -0.28768185498937154,
      "count": 78
    },
    "11": {
      "mean_log_drift": 0.4054653191761274,
      "count": 78
    },
    "13": {
      "mean_log_drift": -0.9808290324340513,
      "count": 78
    },
    "15": {
      "mean_log_drift": 0.40546531528662516,
      "count": 78
    },
    "17": {
      "mean_log_drift": -0.28768184956292725,
      "count": 78
    },
    "19": {
      "mean_log_drift": 0.4054653254518372,
      "count": 78
    },
    "21": {
      "mean_log_drift": -3.060270582928051,
      "count": 78
    },
    "23": {
      "mean_log_drift": 0.4054653245663477,
      "count": 78
    },
    "25": {
      "mean_log_drift": -0.2876818527304862,
      "count": 78
    },
    "27": {
      "mean_log_drift": 0.4054653310511758,
      "count": 78
    },
    "29": {
      "mean_log_drift": -0.9808290324922623,
      "count": 78
    },
    "31": {
      "mean_log_drift": 0.4054653247961206,
      "count": 78
    },
    "33": {
      "mean_log_drift": -0.2876818523959673,
      "count": 78
    },
    "35": {
      "mean_log_drift": 0.4054653273077874,
      "count": 78
    },
    "37": {
      "mean_log_drift": -1.6739762153693596,
      "count": 78
    },
    "39": {
      "mean_log_drift": 0.4054653258937907,
      "count": 78
    },
    "41": {
      "mean_log_drift": -0.2876818551522604,
      "count": 78
    },
    "43": {
      "mean_log_drift": 0.40546532364239685,
      "count": 78
    },
    "45": {
      "mean_log_drift": -0.9808290395051822,
      "count": 78
    },
    "47": {
      "mean_log_drift": 0.40546532752812237,
      "count": 78
    },
    "49": {
      "mean_log_drift": -0.2876818532152289,
      "count": 78
    },
    "51": {
      "mean_log_drift": 0.40546532828417564,
      "count": 78
    },
    "53": {
      "mean_log_drift": -2.3671233956968853,
      "count": 78
    },
    "55": {
      "mean_log_drift": 0.40546532994915135,
      "count": 78
    },
    "57": {
      "mean_log_drift": -0.28768185547697184,
      "count": 78
    },
    "59": {
      "mean_log_drift": 0.4054653181124077,
      "count": 78
    },
    "61": {
      "mean_log_drift": -0.98082903572926,
      "count": 78
    },
    "63": {
      "mean_log_drift": 0.40546532236670113,
      "count": 78
    },
    "65": {
      "mean_log_drift": -0.28768184543740527,
      "count": 78
    },
    "67": {
      "mean_log_drift": 0.4054653308629454,
      "count": 78
    },
    "69": {
      "mean_log_drift": -1.6739762095384203,
      "count": 78
    },
    "71": {
      "mean_log_drift": 0.40546533236224747,
      "count": 78
    },
    "73": {
      "mean_log_drift": -0.2876818510158242,
      "count": 78
    },
    "75": {
      "mean_log_drift": 0.40546533333681856,
      "count": 78
    },
    "77": {
      "mean_log_drift": -0.9808290283553968,
      "count": 78
    },
    "79": {
      "mean_log_drift": 0.4054653245770076,
      "count": 78
    },
    "81": {
      "mean_log_drift": -0.2876818553802269,
      "count": 78
    },
    "83": {
      "mean_log_drift": 0.4054653237469485,
      "count": 78
    },
    "85": {
      "mean_log_drift": -5.06862009591254,
      "count": 78
    },
    "87": {
      "mean_log_drift": 0.40546533801239537,
      "count": 78
    },
    "89": {
      "mean_log_drift": -0.2876818563539156,
      "count": 78
    },
    "91": {
      "mean_log_drift": 0.4054653215607719,
      "count": 78
    },
    "93": {
      "mean_log_drift": -0.9808290275090307,
      "count": 78
    },
    "95": {
      "mean_log_drift": 0.40546533395414347,
      "count": 78
    },
    "97": {
      "mean_log_drift": -0.28768185112443745,
      "count": 78
    },
    "99": {
      "mean_log_drift": 0.4054653265945494,
      "count": 78
    },
    "101": {
      "mean_log_drift": -1.6739762074830662,
      "count": 78
    },
    "103": {
      "mean_log_drift": 0.40546532818840947,
      "count": 78
    },
    "105": {
      "mean_log_drift": -0.2876818588423003,
      "count": 78
    },
    "107": {
      "mean_log_drift": 0.40546532094832893,
      "count": 78
    },
    "109": {
      "mean_log_drift": -0.9808290370530488,
      "count": 78
    },
    "111": {
      "mean_log_drift": 0.4054653272013313,
      "count": 78
    },
    "113": {
      "mean_log_drift": -0.28768184903752925,
      "count": 78
    },
    "115": {
      "mean_log_drift": 0.405465333371213,
      "count": 78
    },
    "117": {
      "mean_log_drift": -2.367123395256562,
      "count": 78
    },
    "119": {
      "mean_log_drift": 0.40546532796941487,
      "count": 78
    },
    "121": {
      "mean_log_drift": -0.28768184933933627,
      "count": 78
    },
    "123": {
      "mean_log_drift": 0.4054653237306788,
      "count": 78
    },
    "125": {
      "mean_log_drift": -0.9808290280053703,
      "count": 78
    },
    "127": {
      "mean_log_drift": 0.40546532493672993,
      "count": 78
    },
    "129": {
      "mean_log_drift": -0.2876818478998389,
      "count": 78
    },
    "131": {
      "mean_log_drift": 0.40546532375779465,
      "count": 78
    },
    "133": {
      "mean_log_drift": -1.6739762143651409,
      "count": 78
    },
    "135": {
      "mean_log_drift": 0.40546532629444526,
      "count": 78
    },
    "137": {
      "mean_log_drift": -0.28768185055332385,
      "count": 78
    },
    "139": {
      "mean_log_drift": 0.4054653292533988,
      "count": 78
    },
    "141": {
      "mean_log_drift": -0.9808290245199134,
      "count": 78
    },
    "143": {
      "mean_log_drift": 0.4054653344975197,
      "count": 78
    },
    "145": {
      "mean_log_drift": -0.2876818554987085,
      "count": 78
    },
    "147": {
      "mean_log_drift": 0.40546532666890406,
      "count": 78
    },
    "149": {
      "mean_log_drift": -3.0602705770669094,
      "count": 78
    },
    "151": {
      "mean_log_drift": 0.40546532248859296,
      "count": 78
    },
    "153": {
      "mean_log_drift": -0.2876818521165015,
      "count": 78
    },
    "155": {
      "mean_log_drift": 0.40546533940006396,
      "count": 78
    },
    "157": {
      "mean_log_drift": -0.9808290394401923,
      "count": 78
    },
    "159": {
      "mean_log_drift": 0.40546532190257056,
      "count": 78
    },
    "161": {
      "mean_log_drift": -0.28768185868227575,
      "count": 78
    },
    "163": {
      "mean_log_drift": 0.40546532677349906,
      "count": 78
    },
    "165": {
      "mean_log_drift": -1.6739762156570737,
      "count": 78
    },
    "167": {
      "mean_log_drift": 0.40546532664787666,
      "count": 78
    },
    "169": {
      "mean_log_drift": -0.2876818516608676,
      "count": 78
    },
    "171": {
      "mean_log_drift": 0.40546532504507765,
      "count": 78
    },
    "173": {
      "mean_log_drift": -0.9808290382662184,
      "count": 78
    },
    "175": {
      "mean_log_drift": 0.40546532992971474,
      "count": 78
    },
    "177": {
      "mean_log_drift": -0.28768185371488775,
      "count": 78
    },
    "179": {
      "mean_log_drift": 0.40546532373920147,
      "count": 78
    },
    "181": {
      "mean_log_drift": -2.3671233909220066,
      "count": 78
    },
    "183": {
      "mean_log_drift": 0.40546533124774387,
      "count": 78
    },
    "185": {
      "mean_log_drift": -0.28768185086185216,
      "count": 78
    },