{
  "input": "c9_2_M16_N100000.csv",
  "N": 16384,
  "v2_min": 1,
  "v2_max": 15,
  "mean_hat_p": 0.0666666667,
  "L2_variance": 9.31e-10,
  "sparse_fraction": 0.33333333,
  "avg_rms_ratio": 1.0211700121,
  "per_v2_buckets": {
    "1": 8192,
    "2": 4096,
    "3": 2048,
    "4": 1024,
    "5": 512,
    "6": 256,
    "7": 128,
    "8": 64,
    "9": 32,
    "10": 16,
    "11": 8,
    "12": 4,
    "13": 2,
    "14": 1,
    "15": 1
  },
  "top_k_freqs": [
    [
      32,
      63.0
    ],
    [
      16,
      31.0
    ],
    [
      48,
      31.0
    ],
    [
      40,
      15.0
    ],
    [
      24,
      15.0
    ],
    [
      8,
      15.0
    ],
    [
      44,
      7.0
    ],
    [
      20,
      7.0
    ],
    [
      28,
      7.0
    ],
    [
      12,
      7.0
    ],
    [
      36,
      7.0
    ],
    [
      4,
      7.0
    ],
    [
      2,
      3.0
    ],
    [
      22,
      3.0
    ],
    [
      26,
      3.0
    ],
    [
      10,
      3.0
    ],
    [
      42,
      3.0
    ],
    [
      50,
      3.0
    ],
    [
      38,
      3.0
    ],
    [
      46,
      3.0
    ],
    [
      14,
      3.0
    ],
    [
      6,
      3.0
    ],
    [
      18,
      3.0
    ],
    [
      34,
      3.0
    ],
    [
      30,
      3.0
    ],
    [
      37,
      1.0
    ],
    [
      5,
      1.0
    ],
    [
      11,
      1.0
    ],
    [
      21,
      1.0
    ],
    [
      31,
      1.0
    ],
    [
      41,
      1.0
    ],
    [
      49,
      1.0
    ],
    [
      19,
      1.0
    ],
    [
      23,
      1.0
    ],
    [
      33,
      1.0
    ],
    [
      43,
      1.0
    ],
    [
      47,
      1.0
    ],
    [
      45,
      1.0
    ],
    [
      35,
      1.0
    ],
    [
      17,
      1.0
    ],
    [
      25,
      1.0
    ],
    [
      3,
      1.0
    ],
    [
      29,
      1.0
    ],
    [
      7,
      1.0
    ],
    [
      39,
      1.0
    ],
    [
      9,
      1.0
    ],
    [
      27,
      1.0
    ],
    [
      15,
      1.0
    ],
    [
      13,
      1.0
    ],
    [
      1,
      1.0
    ]
  ]
}